amazing,enjoy,learning,love,machine,nlp,related
0.0,0.0,0.40264193560603856,0.7715790094657221,0.4924888870251974,0.0,0.0
0.7715790094657221,0.0,0.40264193560603856,0.0,0.4924888870251974,0.0,0.0
0.0,0.7266414923403136,0.3791916749655464,0.0,0.0,0.5728924988566925,0.0
0.0,0.0,0.3439932714296342,0.0,0.42075315164463567,0.5197138488789809,0.6591911178676787
